{"time":"2023-06-07T13:51:31.444Z","gameYear":23,"format":2023,"packetID":"motion","m_header":{"m_packetFormat":2023,"m_gameYear":23,"m_gameMajorVersion":1,"m_gameMinorVersion":3,"m_packetVersion":1,"m_packetId":0,"m_sessionUID":"9779322218425154843","m_sessionTime":5.049785614013672,"m_frameIdentifier":492,"m_overallFrameIdentifier":492,"m_playerCarIndex":19,"m_secondaryPlayerCarIndex":255},"m_carMotionData":[{"m_worldPositionX":-138.03640747070312,"m_worldPositionY":3.0575358867645264,"m_worldPositionZ":-21.202560424804688,"m_worldVelocityX":17.089614868164062,"m_worldVelocityY":0.04661331698298454,"m_worldVelocityZ":38.29605484008789,"m_worldForwardDirX":13351,"m_worldForwardDirY":38,"m_worldForwardDirZ":29923,"m_worldRightDirX":-29914,"m_worldRightDirY":817,"m_worldRightDirZ":13346,"m_gForceLateral":0.09540310502052307,"m_gForceLongitudinal":1.046008586883545,"m_gForceVertical":0.0021139541640877724,"m_yaw":0.4196954667568207,"m_pitch":-0.0011841058731079102,"m_roll":-0.024964341893792152},{"m_worldPositionX":-84.22640228271484,"m_worldPositionY":3.084627389907837,"m_worldPositionZ":88.99903869628906,"m_worldVelocityX":19.58380126953125,"m_worldVelocityY":0.024829313158988953,"m_worldVelocityZ":43.56441116333008,"m_worldForwardDirX":13429,"m_worldForwardDirY":13,"m_worldForwardDirZ":29888,"m_worldRightDirX":-29879,"m_worldRightDirY":821,"m_worldRightDirZ":13425,"m_gForceLateral":0.0724351704120636,"m_gForceLongitudinal":1.0251753330230713,"m_gForceVertical":0.035943519324064255,"m_yaw":0.4223000705242157,"m_pitch":-0.0004118680953979492,"m_roll":-0.025064222514629364},{"m_worldPositionX":-90.1795883178711,"m_worldPositionY":3.186373233795166,"m_worldPositionZ":84.45254516601562,"m_worldVelocityX":19.57781410217285,"m_worldVelocityY":0.09676306694746017,"m_worldVelocityZ":38.55628967285156,"m_worldForwardDirX":14887,"m_worldForwardDirY":38,"m_worldForwardDirZ":29189,"m_worldRightDirX":-29181,"m_worldRightDirY":802,"m_worldRightDirZ":14882,"m_gForceLateral":0.37511420249938965,"m_gForceLongitudinal":1.0974349975585938,"m_gForceVertical":-0.05606798827648163,"m_yaw":0.4716522693634033,"m_pitch":-0.0011820793151855469,"m_roll":-0.02449883706867695},{"m_worldPositionX":-140.9681854248047,"m_worldPositionY":3.168785572052002,"m_worldPositionZ":-16.207958221435547,"m_worldVelocityX":19.159454345703125,"m_worldVelocityY":0.011633503250777721,"m_worldVelocityZ":39.24863815307617,"m_worldForwardDirX":14368,"m_worldForwardDirY":8,"m_worldForwardDirZ":29448,"m_worldRightDirX":-29439,"m_worldRightDirY":824,"m_worldRightDirZ":14363,"m_gForceLateral":-0.015095114707946777,"m_gForceLongitudinal":0.5396023392677307,"m_gForceVertical":0.008543205447494984,"m_yaw":0.45393216609954834,"m_pitch":-0.0002453327178955078,"m_roll":-0.025166120380163193},{"m_worldPositionX":-119.31134033203125,"m_worldPositionY":3.0629889965057373,"m_worldPositionZ":16.552288055419922,"m_worldVelocityX":19.431808471679688,"m_worldVelocityY":0.09749928116798401,"m_worldVelocityZ":43.24045944213867,"m_worldForwardDirX":13427,"m_worldForwardDirY":48,"m_worldForwardDirZ":29889,"m_worldRightDirX":-29880,"m_worldRightDirY":807,"m_worldRightDirZ":13422,"m_gForceLateral":-0.005650967359542847,"m_gForceLongitudinal":1.068385362625122,"m_gForceVertical":0.08800026774406433,"m_yaw":0.42223379015922546,"m_pitch":-0.0014663934707641602,"m_roll":-0.02465125173330307},{"m_worldPositionX":-142.91966247558594,"m_worldPositionY":3.0399858951568604,"m_worldPositionZ":-32.22675704956055,"m_worldVelocityX":24.503286361694336,"m_worldVelocityY":-0.06649073213338852,"m_worldVelocityZ":43.048118591308594,"m_worldForwardDirX":16209,"m_worldForwardDirY":-38,"m_worldForwardDirZ":28477,"m_worldRightDirX":-28467,"m_worldRightDirY":820,"m_worldRightDirZ":16204,"m_gForceLateral":0.051954686641693115,"m_gForceLongitudinal":1.162137746810913,"m_gForceVertical":0.0005598152056336403,"m_yaw":0.5174644589424133,"m_pitch":0.0011739730834960938,"m_roll":-0.025039074942469597},{"m_worldPositionX":-96.90011596679688,"m_worldPositionY":3.1887433528900146,"m_worldPositionZ":72.4708023071289,"m_worldVelocityX":18.657224655151367,"m_worldVelocityY":0.053335849195718765,"m_worldVelocityZ":40.461151123046875,"m_worldForwardDirX":13709,"m_worldForwardDirY":43,"m_worldForwardDirZ":29761,"m_worldRightDirX":-29752,"m_worldRightDirY":822,"m_worldRightDirZ":13704,"m_gForceLateral":0.021080106496810913,"m_gForceLongitudinal":0.7811338305473328,"m_gForceVertical":-0.09830189496278763,"m_yaw":0.431679904460907,"m_pitch":-0.0013381242752075195,"m_roll":-0.02511196956038475},{"m_worldPositionX":-150.72230529785156,"m_worldPositionY":3.165388822555542,"m_worldPositionZ":-36.791297912597656,"m_worldVelocityX":18.76548957824707,"m_worldVelocityY":0.016201723366975784,"m_worldVelocityZ":38.96357345581055,"m_worldForwardDirX":14207,"m_worldForwardDirY":18,"m_worldForwardDirZ":29526,"m_worldRightDirX":-29517,"m_worldRightDirY":825,"m_worldRightDirZ":14202,"m_gForceLateral":-0.03553694486618042,"m_gForceLongitudinal":1.3150506019592285,"m_gForceVertical":0.0004419749602675438,"m_yaw":0.4484706521034241,"m_pitch":-0.0005689859390258789,"m_roll":-0.02519603632390499},{"m_worldPositionX":-95.46675109863281,"m_worldPositionY":3.119950771331787,"m_worldPositionZ":69.01558685302734,"m_worldVelocityX":20.25464630126953,"m_worldVelocityY":0.11553246527910233,"m_worldVelocityZ":44.03996276855469,"m_worldForwardDirX":13685,"m_worldForwardDirY":34,"m_worldForwardDirZ":29772,"m_worldRightDirX":-29764,"m_worldRightDirY":757,"m_worldRightDirZ":13680,"m_gForceLateral":0.0886700451374054,"m_gForceLongitudinal":1.1358321905136108,"m_gForceVertical":0.09520171582698822,"m_yaw":0.4308614730834961,"m_pitch":-0.0010638236999511719,"m_roll":-0.023121701553463936},{"m_worldPositionX":-124.7333984375,"m_worldPositionY":3.1788229942321777,"m_worldPositionZ":17.149459838867188,"m_worldVelocityX":22.02910614013672,"m_worldVelocityY":0.042890533804893494,"m_worldVelocityZ":44.8359260559082,"m_worldForwardDirX":14442,"m_worldForwardDirY":28,"m_worldForwardDirZ":29412,"m_worldRightDirX":-29403,"m_worldRightDirY":822,"m_worldRightDirZ":14437,"m_gForceLateral":0.02380087971687317,"m_gForceLongitudinal":1.13628351688385,"m_gForceVertical":0.07699291408061981,"m_yaw":0.45646265149116516,"m_pitch":-0.0008552074432373047,"m_roll":-0.02509128861129284},{"m_worldPositionX":-129.79920959472656,"m_worldPositionY":3.071971893310547,"m_worldPositionZ":-4.3480401039123535,"m_worldVelocityX":18.673295974731445,"m_worldVelocityY":0.05095508322119713,"m_worldVelocityZ":41.5211181640625,"m_worldForwardDirX":13423,"m_worldForwardDirY":36,"m_worldForwardDirZ":29891,"m_worldRightDirX":-29882,"m_worldRightDirY":827,"m_worldRightDirZ":13418,"m_gForceLateral":-0.06216806173324585,"m_gForceLongitudinal":0.7577913403511047,"m_gForceVertical":0.006354928947985172,"m_yaw":0.4220760464668274,"m_pitch":-0.0011243820190429688,"m_roll":-0.02524285390973091},{"m_worldPositionX":-105.50678253173828,"m_worldPositionY":3.189026355743408,"m_worldPositionZ":56.009281158447266,"m_worldVelocityX":21.02941131591797,"m_worldVelocityY":0.008173232898116112,"m_worldVelocityZ":42.72261428833008,"m_worldForwardDirX":14465,"m_worldForwardDirY":10,"m_worldForwardDirZ":29400,"m_worldRightDirX":-29391,"m_worldRightDirY":822,"m_worldRightDirZ":14460,"m_gForceLateral":0.022556334733963013,"m_gForceLongitudinal":1.1008899211883545,"m_gForceVertical":-0.000010838732123374939,"m_yaw":0.45724019408226013,"m_pitch":-0.0003107786178588867,"m_roll":-0.025103537365794182},{"m_worldPositionX":-113.25831604003906,"m_worldPositionY":3.083101749420166,"m_worldPositionZ":30.353351593017578,"m_worldVelocityX":18.441038131713867,"m_worldVelocityY":0.06985364854335785,"m_worldVelocityZ":43.3727912902832,"m_worldForwardDirX":12804,"m_worldForwardDirY":54,"m_worldForwardDirZ":30161,"m_worldRightDirX":-30152,"m_worldRightDirY":820,"m_worldRightDirZ":12799,"m_gForceLateral":0.04060027003288269,"m_gForceLongitudinal":1.0216649770736694,